"Number","Title","State","Labels","Milestone","Created","Updated","URL"
511,"Time-stamped event tracking","OPEN","sheet:MVP","","2026-01-06T21:52:12Z","2026-01-06T21:52:12Z","https://github.com/thefixer3x/micro-services/issues/511"
510,"System interaction logs","OPEN","sheet:MVP","","2026-01-06T21:52:10Z","2026-01-06T21:52:10Z","https://github.com/thefixer3x/micro-services/issues/510"
509,"User interaction history","OPEN","sheet:MVP","","2026-01-06T21:52:07Z","2026-01-06T21:52:07Z","https://github.com/thefixer3x/micro-services/issues/509"
508,"Document version control","OPEN","sheet:MVP","","2026-01-06T21:52:05Z","2026-01-06T21:52:05Z","https://github.com/thefixer3x/micro-services/issues/508"
507,"Approval chain documentation","OPEN","sheet:MVP","","2026-01-06T21:52:02Z","2026-01-06T21:52:02Z","https://github.com/thefixer3x/micro-services/issues/507"
506,"Modification tracking","OPEN","sheet:MVP","","2026-01-06T21:52:00Z","2026-01-06T21:52:00Z","https://github.com/thefixer3x/micro-services/issues/506"
505,"Transaction Audit","OPEN","sheet:MVP","","2026-01-06T21:51:57Z","2026-01-06T21:51:57Z","https://github.com/thefixer3x/micro-services/issues/505"
504,"Compliance violation alerts","OPEN","sheet:MVP","","2026-01-06T21:51:55Z","2026-01-06T21:51:55Z","https://github.com/thefixer3x/micro-services/issues/504"
503,"Data modification tracking","OPEN","sheet:MVP","","2026-01-06T21:51:52Z","2026-01-06T21:51:52Z","https://github.com/thefixer3x/micro-services/issues/503"
502,"Security event logging","OPEN","sheet:MVP","","2026-01-06T21:51:50Z","2026-01-06T21:51:50Z","https://github.com/thefixer3x/micro-services/issues/502"
501,"Access attempt monitoring","OPEN","sheet:MVP","","2026-01-06T21:51:47Z","2026-01-06T21:51:47Z","https://github.com/thefixer3x/micro-services/issues/501"
500,"Configuration modification history","OPEN","sheet:MVP","","2026-01-06T21:51:44Z","2026-01-06T21:51:44Z","https://github.com/thefixer3x/micro-services/issues/500"
499,"System change tracking","OPEN","sheet:MVP","","2026-01-06T21:51:41Z","2026-01-06T21:51:41Z","https://github.com/thefixer3x/micro-services/issues/499"
498,"Audit Trail","OPEN","sheet:MVP","","2026-01-06T21:51:38Z","2026-01-06T21:51:38Z","https://github.com/thefixer3x/micro-services/issues/498"
497,"Support ticket reports","OPEN","sheet:MVP","","2026-01-06T21:51:35Z","2026-01-06T21:51:35Z","https://github.com/thefixer3x/micro-services/issues/497"
496,"Partner performance reports","OPEN","sheet:MVP","","2026-01-06T21:51:32Z","2026-01-06T21:51:32Z","https://github.com/thefixer3x/micro-services/issues/496"
495,"SLA compliance reports","OPEN","sheet:MVP","","2026-01-06T21:51:29Z","2026-01-06T21:51:29Z","https://github.com/thefixer3x/micro-services/issues/495"
494,"Error/Exception reports","OPEN","sheet:MVP","","2026-01-06T21:51:26Z","2026-01-06T21:51:26Z","https://github.com/thefixer3x/micro-services/issues/494"
493,"Service usage reports","OPEN","sheet:MVP","","2026-01-06T21:51:20Z","2026-01-06T21:51:20Z","https://github.com/thefixer3x/micro-services/issues/493"
492,"Customer acquisition reports","OPEN","sheet:MVP","","2026-01-06T21:51:12Z","2026-01-06T21:51:12Z","https://github.com/thefixer3x/micro-services/issues/492"
491,"User activity reports","OPEN","sheet:MVP","","2026-01-06T21:51:08Z","2026-01-06T21:51:08Z","https://github.com/thefixer3x/micro-services/issues/491"
490,"Operational Reports","OPEN","sheet:MVP","","2026-01-06T21:51:05Z","2026-01-06T21:51:05Z","https://github.com/thefixer3x/micro-services/issues/490"
489,"Audit reports","OPEN","sheet:MVP","","2026-01-06T21:51:01Z","2026-01-06T21:51:01Z","https://github.com/thefixer3x/micro-services/issues/489"
488,"Tax reports","OPEN","sheet:MVP","","2026-01-06T21:50:58Z","2026-01-06T21:50:58Z","https://github.com/thefixer3x/micro-services/issues/488"
487,"Reconciliation reports","OPEN","sheet:MVP","","2026-01-06T21:50:52Z","2026-01-06T21:50:52Z","https://github.com/thefixer3x/micro-services/issues/487"
486,"Partner settlement reports","OPEN","sheet:MVP","","2026-01-06T21:50:47Z","2026-01-06T21:50:47Z","https://github.com/thefixer3x/micro-services/issues/486"
485,"Fee collection reports","OPEN","sheet:MVP","","2026-01-06T21:50:43Z","2026-01-06T21:50:43Z","https://github.com/thefixer3x/micro-services/issues/485"
484,"Transaction volume reports","OPEN","sheet:MVP","","2026-01-06T21:50:39Z","2026-01-06T21:50:39Z","https://github.com/thefixer3x/micro-services/issues/484"
483,"Revenue reports","OPEN","sheet:MVP","","2026-01-06T21:50:34Z","2026-01-06T21:50:34Z","https://github.com/thefixer3x/micro-services/issues/483"
482,"Reporting","OPEN","sheet:MVP","","2026-01-06T21:50:30Z","2026-01-06T21:50:30Z","https://github.com/thefixer3x/micro-services/issues/482"
481,"Closure processing","OPEN","sheet:MVP","","2026-01-06T21:50:26Z","2026-01-06T21:50:26Z","https://github.com/thefixer3x/micro-services/issues/481"
480,"Wallet upgrade/downgrade","OPEN","sheet:MVP","","2026-01-06T21:50:22Z","2026-01-06T21:50:22Z","https://github.com/thefixer3x/micro-services/issues/480"
479,"Transaction limits","OPEN","sheet:MVP","","2026-01-06T21:50:19Z","2026-01-06T21:50:19Z","https://github.com/thefixer3x/micro-services/issues/479"
478,"Balance management","OPEN","sheet:MVP","","2026-01-06T21:50:17Z","2026-01-06T21:50:17Z","https://github.com/thefixer3x/micro-services/issues/478"
477,"Customer Wallet Operations","OPEN","sheet:MVP","","2026-01-06T21:50:14Z","2026-01-06T21:50:14Z","https://github.com/thefixer3x/micro-services/issues/477"
476,"Wallet status management","OPEN","sheet:MVP","","2026-01-06T21:50:11Z","2026-01-06T21:50:11Z","https://github.com/thefixer3x/micro-services/issues/476"
475,"Wallet balance reconciliation","OPEN","sheet:MVP","","2026-01-06T21:50:09Z","2026-01-06T21:50:09Z","https://github.com/thefixer3x/micro-services/issues/475"
474,"Virtual account management","OPEN","sheet:MVP","","2026-01-06T21:50:07Z","2026-01-06T21:50:07Z","https://github.com/thefixer3x/micro-services/issues/474"
473,"Wallet Management","OPEN","sheet:MVP","","2026-01-06T21:50:04Z","2026-01-06T21:50:04Z","https://github.com/thefixer3x/micro-services/issues/473"
472,"Float management","OPEN","sheet:MVP","","2026-01-06T21:50:01Z","2026-01-06T21:50:01Z","https://github.com/thefixer3x/micro-services/issues/472"
471,"Settlement reporting","OPEN","sheet:MVP","","2026-01-06T21:49:59Z","2026-01-06T21:49:59Z","https://github.com/thefixer3x/micro-services/issues/471"
470,"Settlement dispute resolution","OPEN","sheet:MVP","","2026-01-06T21:49:56Z","2026-01-06T21:49:56Z","https://github.com/thefixer3x/micro-services/issues/470"
469,"Partner settlement tracking","OPEN","sheet:MVP","","2026-01-06T21:49:53Z","2026-01-06T21:49:53Z","https://github.com/thefixer3x/micro-services/issues/469"
468,"Payment gateway settlement","OPEN","sheet:MVP","","2026-01-06T21:49:50Z","2026-01-06T21:49:50Z","https://github.com/thefixer3x/micro-services/issues/468"
467,"Settlement reconciliation","OPEN","sheet:MVP","","2026-01-06T21:49:48Z","2026-01-06T21:49:48Z","https://github.com/thefixer3x/micro-services/issues/467"
466,"Settlement Management","OPEN","sheet:MVP","","2026-01-06T21:49:45Z","2026-01-06T21:49:45Z","https://github.com/thefixer3x/micro-services/issues/466"
465,"Batch transaction processing","OPEN","sheet:MVP","","2026-01-06T21:49:43Z","2026-01-06T21:49:43Z","https://github.com/thefixer3x/micro-services/issues/465"
464,"Settlement tracking","OPEN","sheet:MVP","","2026-01-06T21:49:40Z","2026-01-06T21:49:40Z","https://github.com/thefixer3x/micro-services/issues/464"
463,"Exchange rate management","OPEN","sheet:MVP","","2026-01-06T21:49:38Z","2026-01-06T21:49:38Z","https://github.com/thefixer3x/micro-services/issues/463"
462,"Fee calculation verification","OPEN","sheet:MVP","","2026-01-06T21:49:35Z","2026-01-06T21:49:35Z","https://github.com/thefixer3x/micro-services/issues/462"
461,"Transaction routing management","OPEN","sheet:MVP","","2026-01-06T21:49:33Z","2026-01-06T21:49:33Z","https://github.com/thefixer3x/micro-services/issues/461"
460,"High-value transaction alerts","OPEN","sheet:MVP","","2026-01-06T21:49:29Z","2026-01-06T21:49:29Z","https://github.com/thefixer3x/micro-services/issues/460"
459,"Transaction categorization","OPEN","sheet:MVP","","2026-01-06T21:49:27Z","2026-01-06T21:49:27Z","https://github.com/thefixer3x/micro-services/issues/459"
458,"Transaction Management","OPEN","sheet:MVP","","2026-01-06T21:49:24Z","2026-01-06T21:49:24Z","https://github.com/thefixer3x/micro-services/issues/458"
457,"Approval workflow configuration","OPEN","sheet:MVP","","2026-01-06T21:49:21Z","2026-01-06T21:49:21Z","https://github.com/thefixer3x/micro-services/issues/457"
456,"Cross-department permission management","OPEN","sheet:MVP","","2026-01-06T21:49:19Z","2026-01-06T21:49:19Z","https://github.com/thefixer3x/micro-services/issues/456"
455,"Role hierarchy configuration","OPEN","sheet:MVP","","2026-01-06T21:49:16Z","2026-01-06T21:49:16Z","https://github.com/thefixer3x/micro-services/issues/455"
454,"Department Management","OPEN","sheet:MVP","","2026-01-06T21:49:14Z","2026-01-06T21:49:14Z","https://github.com/thefixer3x/micro-services/issues/454"
453,"Training module assignment","OPEN","sheet:MVP","","2026-01-06T21:49:11Z","2026-01-06T21:49:11Z","https://github.com/thefixer3x/micro-services/issues/453"
452,"Activity monitoring","OPEN","sheet:MVP","","2026-01-06T21:49:08Z","2026-01-06T21:49:08Z","https://github.com/thefixer3x/micro-services/issues/452"
451,"Performance tracking","OPEN","sheet:MVP","","2026-01-06T21:49:05Z","2026-01-06T21:49:05Z","https://github.com/thefixer3x/micro-services/issues/451"
450,"Staff onboarding workflow","OPEN","sheet:MVP","","2026-01-06T21:49:02Z","2026-01-06T21:49:02Z","https://github.com/thefixer3x/micro-services/issues/450"
449,"Access level management","OPEN","sheet:MVP","","2026-01-06T21:48:59Z","2026-01-06T21:48:59Z","https://github.com/thefixer3x/micro-services/issues/449"
448,"Permission assignment","OPEN","sheet:MVP","","2026-01-06T21:48:56Z","2026-01-06T21:48:56Z","https://github.com/thefixer3x/micro-services/issues/448"
447,"Role-Based Access Control","OPEN","sheet:MVP","","2026-01-06T21:48:53Z","2026-01-06T21:48:53Z","https://github.com/thefixer3x/micro-services/issues/447"
446,"Policy document management","OPEN","sheet:MVP","","2026-01-06T21:48:50Z","2026-01-06T21:48:50Z","https://github.com/thefixer3x/micro-services/issues/446"
445,"Regulatory correspondence","OPEN","sheet:MVP","","2026-01-06T21:48:47Z","2026-01-06T21:48:47Z","https://github.com/thefixer3x/micro-services/issues/445"
444,"Compliance deadline tracking","OPEN","sheet:MVP","","2026-01-06T21:48:43Z","2026-01-06T21:48:43Z","https://github.com/thefixer3x/micro-services/issues/444"
443,"Regulatory filing calendar","OPEN","sheet:MVP","","2026-01-06T21:48:40Z","2026-01-06T21:48:40Z","https://github.com/thefixer3x/micro-services/issues/443"
442,"Regulatory Requirements","OPEN","sheet:MVP","","2026-01-06T21:48:37Z","2026-01-06T21:48:37Z","https://github.com/thefixer3x/micro-services/issues/442"
441,"Revenue forecasting","OPEN","sheet:MVP","","2026-01-06T21:48:34Z","2026-01-06T21:48:34Z","https://github.com/thefixer3x/micro-services/issues/441"
440,"Refund management","OPEN","sheet:MVP","","2026-01-06T21:48:31Z","2026-01-06T21:48:31Z","https://github.com/thefixer3x/micro-services/issues/440"
439,"Promotional discount tracking","OPEN","sheet:MVP","","2026-01-06T21:48:27Z","2026-01-06T21:48:27Z","https://github.com/thefixer3x/micro-services/issues/439"
438,"Commission calculation","OPEN","sheet:MVP","","2026-01-06T21:48:24Z","2026-01-06T21:48:24Z","https://github.com/thefixer3x/micro-services/issues/438"
437,"Revenue recognition","OPEN","sheet:MVP","","2026-01-06T21:48:20Z","2026-01-06T21:48:20Z","https://github.com/thefixer3x/micro-services/issues/437"
436,"Revenue Management","OPEN","sheet:MVP","","2026-01-06T21:48:16Z","2026-01-06T21:48:16Z","https://github.com/thefixer3x/micro-services/issues/436"
435,"Investment portfolio tracking","OPEN","sheet:MVP","","2026-01-06T21:48:12Z","2026-01-06T21:48:12Z","https://github.com/thefixer3x/micro-services/issues/435"
434,"Bank account management","OPEN","sheet:MVP","","2026-01-06T21:48:08Z","2026-01-06T21:48:08Z","https://github.com/thefixer3x/micro-services/issues/434"
433,"Fund allocation tracking","OPEN","sheet:MVP","","2026-01-06T21:48:05Z","2026-01-06T21:48:05Z","https://github.com/thefixer3x/micro-services/issues/433"
432,"Interest calculation","OPEN","sheet:MVP","","2026-01-06T21:48:01Z","2026-01-06T21:48:01Z","https://github.com/thefixer3x/micro-services/issues/432"
431,"FX position management","OPEN","sheet:MVP","","2026-01-06T21:47:58Z","2026-01-06T21:47:58Z","https://github.com/thefixer3x/micro-services/issues/431"
430,"Cash flow forecasting","OPEN","sheet:MVP","","2026-01-06T21:47:55Z","2026-01-06T21:47:55Z","https://github.com/thefixer3x/micro-services/issues/430"
429,"Treasury Management","OPEN","sheet:MVP","","2026-01-06T21:47:51Z","2026-01-06T21:47:51Z","https://github.com/thefixer3x/micro-services/issues/429"
428,"Financial year management","OPEN","sheet:MVP","","2026-01-06T21:47:48Z","2026-01-06T21:47:48Z","https://github.com/thefixer3x/micro-services/issues/428"
427,"Multi-currency support","OPEN","sheet:MVP","","2026-01-06T21:47:45Z","2026-01-06T21:47:45Z","https://github.com/thefixer3x/micro-services/issues/427"
426,"Account reconciliation","OPEN","sheet:MVP","","2026-01-06T21:47:42Z","2026-01-06T21:47:42Z","https://github.com/thefixer3x/micro-services/issues/426"
425,"Journal entry management","OPEN","sheet:MVP","","2026-01-06T21:47:38Z","2026-01-06T21:47:38Z","https://github.com/thefixer3x/micro-services/issues/425"
424,"Trial balance generation","OPEN","sheet:MVP","","2026-01-06T21:47:34Z","2026-01-06T21:47:34Z","https://github.com/thefixer3x/micro-services/issues/424"
423,"Profit & loss statements","OPEN","sheet:MVP","","2026-01-06T21:47:31Z","2026-01-06T21:47:31Z","https://github.com/thefixer3x/micro-services/issues/423"
422,"Real-time balance sheet","OPEN","sheet:MVP","","2026-01-06T21:47:27Z","2026-01-06T21:47:27Z","https://github.com/thefixer3x/micro-services/issues/422"
421,"Financial Management","OPEN","sheet:MVP","","2026-01-06T21:47:24Z","2026-01-06T21:47:24Z","https://github.com/thefixer3x/micro-services/issues/421"
420,"Support agent performance tracking","OPEN","sheet:MVP","","2026-01-06T21:47:21Z","2026-01-06T21:47:21Z","https://github.com/thefixer3x/micro-services/issues/420"
419,"Service request tracking","OPEN","sheet:MVP","","2026-01-06T21:47:18Z","2026-01-06T21:47:18Z","https://github.com/thefixer3x/micro-services/issues/419"
418,"Refund processing","OPEN","sheet:MVP","","2026-01-06T21:47:14Z","2026-01-06T21:47:14Z","https://github.com/thefixer3x/micro-services/issues/418"
417,"Dispute resolution workflow","OPEN","sheet:MVP","","2026-01-06T21:47:11Z","2026-01-06T21:47:11Z","https://github.com/thefixer3x/micro-services/issues/417"
416,"Customer communication history","OPEN","sheet:MVP","","2026-01-06T21:47:07Z","2026-01-06T21:47:07Z","https://github.com/thefixer3x/micro-services/issues/416"
415,"Customer Support","OPEN","sheet:MVP","","2026-01-06T21:47:03Z","2026-01-06T21:47:03Z","https://github.com/thefixer3x/micro-services/issues/415"
414,"Account closure workflow","OPEN","sheet:MVP","","2026-01-06T21:47:00Z","2026-01-06T21:47:00Z","https://github.com/thefixer3x/micro-services/issues/414"
413,"Customer tier management","OPEN","sheet:MVP","","2026-01-06T21:46:56Z","2026-01-06T21:46:56Z","https://github.com/thefixer3x/micro-services/issues/413"
412,"Account freezing/unfreezing","OPEN","sheet:MVP","","2026-01-06T21:46:52Z","2026-01-06T21:46:52Z","https://github.com/thefixer3x/micro-services/issues/412"
411,"Fee structure customization","OPEN","sheet:MVP","","2026-01-06T21:46:49Z","2026-01-06T21:46:49Z","https://github.com/thefixer3x/micro-services/issues/411"
410,"Balance monitoring","OPEN","sheet:MVP","","2026-01-06T21:46:45Z","2026-01-06T21:46:45Z","https://github.com/thefixer3x/micro-services/issues/410"
409,"Account Management","OPEN","sheet:MVP","","2026-01-06T21:46:41Z","2026-01-06T21:46:41Z","https://github.com/thefixer3x/micro-services/issues/409"
408,"Document repository","OPEN","sheet:MVP","","2026-01-06T21:46:38Z","2026-01-06T21:46:38Z","https://github.com/thefixer3x/micro-services/issues/408"
407,"Lifetime value tracking","OPEN","sheet:MVP","","2026-01-06T21:46:34Z","2026-01-06T21:46:34Z","https://github.com/thefixer3x/micro-services/issues/407"
406,"Customer segmentation","OPEN","sheet:MVP","","2026-01-06T21:46:31Z","2026-01-06T21:46:31Z","https://github.com/thefixer3x/micro-services/issues/406"
405,"ADMINISTRATOR","OPEN","sheet:MVP","","2026-01-06T21:46:27Z","2026-01-06T21:46:27Z","https://github.com/thefixer3x/micro-services/issues/405"
404,"Support status tracking","OPEN","sheet:MVP","","2026-01-06T21:46:23Z","2026-01-06T21:46:23Z","https://github.com/thefixer3x/micro-services/issues/404"
403,"FAQs","OPEN","sheet:MVP","","2026-01-06T21:46:19Z","2026-01-06T21:46:19Z","https://github.com/thefixer3x/micro-services/issues/403"
402,"Ticket creation","OPEN","sheet:MVP","","2026-01-06T21:46:17Z","2026-01-06T21:46:17Z","https://github.com/thefixer3x/micro-services/issues/402"
401,"Support","OPEN","sheet:MVP","","2026-01-06T21:46:13Z","2026-01-06T21:46:13Z","https://github.com/thefixer3x/micro-services/issues/401"
400,"Browser notifications","OPEN","sheet:MVP","","2026-01-06T21:46:11Z","2026-01-06T21:46:11Z","https://github.com/thefixer3x/micro-services/issues/400"
399,"Progressive web app","OPEN","sheet:MVP","","2026-01-06T21:46:08Z","2026-01-06T21:46:08Z","https://github.com/thefixer3x/micro-services/issues/399"
398,"Cross-device synchronization","OPEN","sheet:MVP","","2026-01-06T21:46:05Z","2026-01-06T21:46:05Z","https://github.com/thefixer3x/micro-services/issues/398"
397,"Web Features","OPEN","sheet:MVP","","2026-01-06T21:46:03Z","2026-01-06T21:46:03Z","https://github.com/thefixer3x/micro-services/issues/397"
396,"User Interface & Experience","OPEN","sheet:MVP","","2026-01-06T21:46:01Z","2026-01-06T21:46:01Z","https://github.com/thefixer3x/micro-services/issues/396"
395,"Transaction Security","OPEN","sheet:MVP","","2026-01-06T21:45:58Z","2026-01-06T21:45:58Z","https://github.com/thefixer3x/micro-services/issues/395"
394,"Transaction limits","OPEN","sheet:MVP","","2026-01-06T21:45:56Z","2026-01-06T21:45:56Z","https://github.com/thefixer3x/micro-services/issues/394"
393,"PIN management","OPEN","sheet:MVP","","2026-01-06T21:45:53Z","2026-01-06T21:45:53Z","https://github.com/thefixer3x/micro-services/issues/393"
392,"Security Questions","OPEN","sheet:MVP","","2026-01-06T21:45:51Z","2026-01-06T21:45:51Z","https://github.com/thefixer3x/micro-services/issues/392"
391,"Security & Control","OPEN","sheet:MVP","","2026-01-06T21:45:49Z","2026-01-06T21:45:49Z","https://github.com/thefixer3x/micro-services/issues/391"
390,"International remittances","OPEN","sheet:MVP","","2026-01-06T21:45:46Z","2026-01-06T21:45:46Z","https://github.com/thefixer3x/micro-services/issues/390"
389,"Money Transfer Services","OPEN","sheet:MVP","","2026-01-06T21:45:43Z","2026-01-06T21:45:43Z","https://github.com/thefixer3x/micro-services/issues/389"
388,"Statement generation","OPEN","sheet:MVP","","2026-01-06T21:45:40Z","2026-01-06T21:45:40Z","https://github.com/thefixer3x/micro-services/issues/388"
387,"Virtual card creation","OPEN","sheet:MVP","","2026-01-06T21:45:37Z","2026-01-06T21:45:37Z","https://github.com/thefixer3x/micro-services/issues/387"
386,"Transaction history","OPEN","sheet:MVP","","2026-01-06T21:45:34Z","2026-01-06T21:45:34Z","https://github.com/thefixer3x/micro-services/issues/386"
385,"Real-time balance viewing","OPEN","sheet:MVP","","2026-01-06T21:45:31Z","2026-01-06T21:45:31Z","https://github.com/thefixer3x/micro-services/issues/385"
384,"Wallet & Payments","OPEN","sheet:MVP","","2026-01-06T21:45:27Z","2026-01-06T21:45:27Z","https://github.com/thefixer3x/micro-services/issues/384"
383,"Notification management","OPEN","sheet:MVP","","2026-01-06T21:45:24Z","2026-01-06T21:45:24Z","https://github.com/thefixer3x/micro-services/issues/383"
382,"Language preferences","OPEN","sheet:MVP","","2026-01-06T21:45:20Z","2026-01-06T21:45:20Z","https://github.com/thefixer3x/micro-services/issues/382"
381,"Security settings configuration","OPEN","sheet:MVP","","2026-01-06T21:45:17Z","2026-01-06T21:45:17Z","https://github.com/thefixer3x/micro-services/issues/381"
380,"Communication preferences","OPEN","sheet:MVP","","2026-01-06T21:45:14Z","2026-01-06T21:45:14Z","https://github.com/thefixer3x/micro-services/issues/380"
379,"Biometric authentication setup","OPEN","sheet:MVP","","2026-01-06T21:45:11Z","2026-01-06T21:45:11Z","https://github.com/thefixer3x/micro-services/issues/379"
378,"Document storage and management","OPEN","sheet:MVP","","2026-01-06T21:45:08Z","2026-01-06T21:45:08Z","https://github.com/thefixer3x/micro-services/issues/378"
377,"Transaction history viewing","OPEN","sheet:MVP","","2026-01-06T21:45:05Z","2026-01-06T21:45:05Z","https://github.com/thefixer3x/micro-services/issues/377"
376,"Profile Management","OPEN","sheet:MVP","","2026-01-06T21:45:03Z","2026-01-06T21:45:03Z","https://github.com/thefixer3x/micro-services/issues/376"
375,"Social security/NIN verification","OPEN","sheet:MVP","","2026-01-06T21:45:00Z","2026-01-06T21:45:00Z","https://github.com/thefixer3x/micro-services/issues/375"
374,"Address verification system","OPEN","sheet:MVP","","2026-01-06T21:44:57Z","2026-01-06T21:44:57Z","https://github.com/thefixer3x/micro-services/issues/374"
373,"Document upload and verification","OPEN","sheet:MVP","","2026-01-06T21:44:55Z","2026-01-06T21:44:55Z","https://github.com/thefixer3x/micro-services/issues/373"
372,"Multiple account types (Individual, Business, Joint)","OPEN","sheet:MVP","","2026-01-06T21:44:52Z","2026-01-06T21:44:52Z","https://github.com/thefixer3x/micro-services/issues/372"
371,"Multi-language support (English, Pidgin English, Yoruba, French)","OPEN","sheet:MVP","","2026-01-06T21:44:50Z","2026-01-06T21:44:50Z","https://github.com/thefixer3x/micro-services/issues/371"
370,"Biometric login support","OPEN","sheet:MVP","","2026-01-06T21:44:47Z","2026-01-06T21:44:47Z","https://github.com/thefixer3x/micro-services/issues/370"
369,"Facial recognition with liveness detection","OPEN","sheet:MVP","","2026-01-06T21:44:44Z","2026-01-06T21:44:44Z","https://github.com/thefixer3x/micro-services/issues/369"
368,"USER","OPEN","sheet:MVP","","2026-01-06T21:44:41Z","2026-01-06T21:44:41Z","https://github.com/thefixer3x/micro-services/issues/368"
367,"Blockchain network configuration","OPEN","sheet:Product","","2026-01-06T21:44:38Z","2026-01-06T21:44:38Z","https://github.com/thefixer3x/micro-services/issues/367"
366,"SMS/USSD service management","OPEN","sheet:Product","","2026-01-06T21:44:35Z","2026-01-06T21:44:35Z","https://github.com/thefixer3x/micro-services/issues/366"
365,"Payment gateway settings","OPEN","sheet:Product","","2026-01-06T21:44:32Z","2026-01-06T21:44:32Z","https://github.com/thefixer3x/micro-services/issues/365"
364,"Integration Management","OPEN","sheet:Product","","2026-01-06T21:44:30Z","2026-01-06T21:44:30Z","https://github.com/thefixer3x/micro-services/issues/364"
363,"Feature flag management","OPEN","sheet:Product","","2026-01-06T21:44:27Z","2026-01-06T21:44:27Z","https://github.com/thefixer3x/micro-services/issues/363"
362,"Service availability management","OPEN","sheet:Product","","2026-01-06T21:44:24Z","2026-01-06T21:44:24Z","https://github.com/thefixer3x/micro-services/issues/362"
361,"Fee structure updates","OPEN","sheet:Product","","2026-01-06T21:44:21Z","2026-01-06T21:44:21Z","https://github.com/thefixer3x/micro-services/issues/361"
360,"System Configuration","OPEN","sheet:Product","","2026-01-06T21:44:18Z","2026-01-06T21:44:18Z","https://github.com/thefixer3x/micro-services/issues/360"
359,"Time-stamped event tracking","OPEN","sheet:Product","","2026-01-06T21:44:14Z","2026-01-06T21:44:14Z","https://github.com/thefixer3x/micro-services/issues/359"
358,"System interaction logs","OPEN","sheet:Product","","2026-01-06T21:44:10Z","2026-01-06T21:44:10Z","https://github.com/thefixer3x/micro-services/issues/358"
357,"User interaction history","OPEN","sheet:Product","","2026-01-06T21:44:08Z","2026-01-06T21:44:08Z","https://github.com/thefixer3x/micro-services/issues/357"
356,"Document version control","OPEN","sheet:Product","","2026-01-06T21:44:05Z","2026-01-06T21:44:05Z","https://github.com/thefixer3x/micro-services/issues/356"
355,"Approval chain documentation","OPEN","sheet:Product","","2026-01-06T21:44:02Z","2026-01-06T21:44:02Z","https://github.com/thefixer3x/micro-services/issues/355"
354,"Modification tracking","OPEN","sheet:Product","","2026-01-06T21:43:59Z","2026-01-06T21:43:59Z","https://github.com/thefixer3x/micro-services/issues/354"
353,"Transaction Audit","OPEN","sheet:Product","","2026-01-06T21:43:57Z","2026-01-06T21:43:57Z","https://github.com/thefixer3x/micro-services/issues/353"
352,"Compliance violation alerts","OPEN","sheet:Product","","2026-01-06T21:43:54Z","2026-01-06T21:43:54Z","https://github.com/thefixer3x/micro-services/issues/352"
351,"Data modification tracking","OPEN","sheet:Product","","2026-01-06T21:43:52Z","2026-01-06T21:43:52Z","https://github.com/thefixer3x/micro-services/issues/351"
350,"Security event logging","OPEN","sheet:Product","","2026-01-06T21:43:50Z","2026-01-06T21:43:50Z","https://github.com/thefixer3x/micro-services/issues/350"
349,"Access attempt monitoring","OPEN","sheet:Product","","2026-01-06T21:43:47Z","2026-01-06T21:43:47Z","https://github.com/thefixer3x/micro-services/issues/349"
348,"Configuration modification history","OPEN","sheet:Product","","2026-01-06T21:43:44Z","2026-01-06T21:43:44Z","https://github.com/thefixer3x/micro-services/issues/348"
347,"System change tracking","OPEN","sheet:Product","","2026-01-06T21:43:42Z","2026-01-06T21:43:42Z","https://github.com/thefixer3x/micro-services/issues/347"
346,"Audit Trail","OPEN","sheet:Product","","2026-01-06T21:43:39Z","2026-01-06T21:43:39Z","https://github.com/thefixer3x/micro-services/issues/346"
345,"Visual analytics for admin decision-making (graphs, heat maps of fraud-prone regions)","OPEN","sheet:Product","","2026-01-06T21:43:36Z","2026-01-06T21:43:36Z","https://github.com/thefixer3x/micro-services/issues/345"
344,"Dashboard for tracking real-time fraud attempts and resolution status","OPEN","sheet:Product","","2026-01-06T21:43:33Z","2026-01-06T21:43:33Z","https://github.com/thefixer3x/micro-services/issues/344"
343,"Fraud Analytics & Reporting","OPEN","sheet:Product","","2026-01-06T21:43:30Z","2026-01-06T21:43:30Z","https://github.com/thefixer3x/micro-services/issues/343"
342,"Automated classification of fraud types (e.g., phishing, identity theft, money laundering)","OPEN","sheet:Product","","2026-01-06T21:43:27Z","2026-01-06T21:43:27Z","https://github.com/thefixer3x/micro-services/issues/342"
341,"Self-learning AI that refines detection accuracy over time","OPEN","sheet:Product","","2026-01-06T21:43:22Z","2026-01-06T21:43:22Z","https://github.com/thefixer3x/micro-services/issues/341"
340,"Machine Learning Fraud Prevention Engine","OPEN","sheet:Product","","2026-01-06T21:43:19Z","2026-01-06T21:43:19Z","https://github.com/thefixer3x/micro-services/issues/340"
339,"Automatic suspicious activity reports (SARs) for regulatory compliance","OPEN","sheet:Product","","2026-01-06T21:43:16Z","2026-01-06T21:43:16Z","https://github.com/thefixer3x/micro-services/issues/339"
338,"Monitoring of large transactions against anti-money laundering (AML) thresholds","OPEN","sheet:Product","","2026-01-06T21:43:12Z","2026-01-06T21:43:12Z","https://github.com/thefixer3x/micro-services/issues/338"
337,"AML Compliance Monitoring","OPEN","sheet:Product","","2026-01-06T21:43:09Z","2026-01-06T21:43:09Z","https://github.com/thefixer3x/micro-services/issues/337"
336,"Automatic flagging of suspicious refunds and chargeback attempts","OPEN","sheet:Product","","2026-01-06T21:43:06Z","2026-01-06T21:43:06Z","https://github.com/thefixer3x/micro-services/issues/336"
335,"Chargeback & Dispute Prediction","OPEN","sheet:Product","","2026-01-06T21:43:03Z","2026-01-06T21:43:03Z","https://github.com/thefixer3x/micro-services/issues/335"
334,"Alerts for multiple failed KYC attempts","OPEN","sheet:Product","","2026-01-06T21:43:00Z","2026-01-06T21:43:00Z","https://github.com/thefixer3x/micro-services/issues/334"
333,"Detection of accounts making transactions across unrelated geographies","OPEN","sheet:Product","","2026-01-06T21:42:58Z","2026-01-06T21:42:58Z","https://github.com/thefixer3x/micro-services/issues/333"
332,"Suspicious Account Activity Detection","OPEN","sheet:Product","","2026-01-06T21:42:55Z","2026-01-06T21:42:55Z","https://github.com/thefixer3x/micro-services/issues/332"
331,"Adaptive authentication based on user risk profile","OPEN","sheet:Product","","2026-01-06T21:42:53Z","2026-01-06T21:42:53Z","https://github.com/thefixer3x/micro-services/issues/331"
330,"Multi-Factor Authentication Enforcement","OPEN","sheet:Product","","2026-01-06T21:42:50Z","2026-01-06T21:42:50Z","https://github.com/thefixer3x/micro-services/issues/330"
329,"Detection of suspicious login behavior (e.g., multiple failed login attempts, logins from different geolocations)","OPEN","sheet:Product","","2026-01-06T21:42:47Z","2026-01-06T21:42:47Z","https://github.com/thefixer3x/micro-services/issues/329"
328,"Identification of device fingerprinting mismatches (e.g., multiple accounts from the same device/IP)","OPEN","sheet:Product","","2026-01-06T21:42:44Z","2026-01-06T21:42:44Z","https://github.com/thefixer3x/micro-services/issues/328"
327,"Pattern & Behavioral Analysis","OPEN","sheet:Product","","2026-01-06T21:42:42Z","2026-01-06T21:42:42Z","https://github.com/thefixer3x/micro-services/issues/327"
326,"High-risk transactions are automatically flagged for admin approval","OPEN","sheet:Product","","2026-01-06T21:42:39Z","2026-01-06T21:42:39Z","https://github.com/thefixer3x/micro-services/issues/326"
325,"User behavior history","OPEN","sheet:Product","","2026-01-06T21:42:37Z","2026-01-06T21:42:37Z","https://github.com/thefixer3x/micro-services/issues/325"
324,"Payment method","OPEN","sheet:Product","","2026-01-06T21:42:35Z","2026-01-06T21:42:35Z","https://github.com/thefixer3x/micro-services/issues/324"
323,"Location","OPEN","sheet:Product","","2026-01-06T21:42:32Z","2026-01-06T21:42:32Z","https://github.com/thefixer3x/micro-services/issues/323"
322,"Frequency","OPEN","sheet:Product","","2026-01-06T21:42:30Z","2026-01-06T21:42:30Z","https://github.com/thefixer3x/micro-services/issues/322"
321,"Amount","OPEN","sheet:Product","","2026-01-06T21:42:27Z","2026-01-06T21:42:27Z","https://github.com/thefixer3x/micro-services/issues/321"
320,"Risk-Based Transaction Scoring","OPEN","sheet:Product","","2026-01-06T21:42:24Z","2026-01-06T21:42:24Z","https://github.com/thefixer3x/micro-services/issues/320"
319,"Alerts for rapid or repetitive transactions within short time frames","OPEN","sheet:Product","","2026-01-06T21:42:21Z","2026-01-06T21:42:21Z","https://github.com/thefixer3x/micro-services/issues/319"
318,"AI-based behavioral analysis to detect deviations from normal user activity","OPEN","sheet:Product","","2026-01-06T21:42:19Z","2026-01-06T21:42:19Z","https://github.com/thefixer3x/micro-services/issues/318"
317,"Automated Fraud Rules & Alerts","OPEN","sheet:Product","","2026-01-06T21:42:16Z","2026-01-06T21:42:16Z","https://github.com/thefixer3x/micro-services/issues/317"
316,"Instant flagging of high-risk transactions for manual review","OPEN","sheet:Product","","2026-01-06T21:42:13Z","2026-01-06T21:42:13Z","https://github.com/thefixer3x/micro-services/issues/316"
315,"Live transaction risk scoring based on machine learning models","OPEN","sheet:Product","","2026-01-06T21:42:11Z","2026-01-06T21:42:11Z","https://github.com/thefixer3x/micro-services/issues/315"
314,"AI Fraud Detection Features","OPEN","sheet:Product","","2026-01-06T21:42:08Z","2026-01-06T21:42:08Z","https://github.com/thefixer3x/micro-services/issues/314"
313,"Competitive analysis","OPEN","sheet:Product","","2026-01-06T21:42:05Z","2026-01-06T21:42:05Z","https://github.com/thefixer3x/micro-services/issues/313"
312,"Risk analytics","OPEN","sheet:Product","","2026-01-06T21:42:03Z","2026-01-06T21:42:03Z","https://github.com/thefixer3x/micro-services/issues/312"
311,"Revenue forecasting","OPEN","sheet:Product","","2026-01-06T21:42:01Z","2026-01-06T21:42:01Z","https://github.com/thefixer3x/micro-services/issues/311"
310,"Churn prediction","OPEN","sheet:Product","","2026-01-06T21:41:58Z","2026-01-06T21:41:58Z","https://github.com/thefixer3x/micro-services/issues/310"
309,"Customer segmentation analysis","OPEN","sheet:Product","","2026-01-06T21:41:56Z","2026-01-06T21:41:56Z","https://github.com/thefixer3x/micro-services/issues/309"
308,"Product performance metrics","OPEN","sheet:Product","","2026-01-06T21:41:53Z","2026-01-06T21:41:53Z","https://github.com/thefixer3x/micro-services/issues/308"
307,"Market trend analysis","OPEN","sheet:Product","","2026-01-06T21:41:51Z","2026-01-06T21:41:51Z","https://github.com/thefixer3x/micro-services/issues/307"
306,"Business Intelligence","OPEN","sheet:Product","","2026-01-06T21:41:48Z","2026-01-06T21:41:48Z","https://github.com/thefixer3x/micro-services/issues/306"
305,"Support ticket reports","OPEN","sheet:Product","","2026-01-06T21:41:45Z","2026-01-06T21:41:45Z","https://github.com/thefixer3x/micro-services/issues/305"
304,"Partner performance reports","OPEN","sheet:Product","","2026-01-06T21:41:42Z","2026-01-06T21:41:42Z","https://github.com/thefixer3x/micro-services/issues/304"
303,"SLA compliance reports","OPEN","sheet:Product","","2026-01-06T21:41:39Z","2026-01-06T21:41:39Z","https://github.com/thefixer3x/micro-services/issues/303"
302,"Error/Exception reports","OPEN","sheet:Product","","2026-01-06T21:41:36Z","2026-01-06T21:41:36Z","https://github.com/thefixer3x/micro-services/issues/302"
301,"Service usage reports","OPEN","sheet:Product","","2026-01-06T21:41:32Z","2026-01-06T21:41:32Z","https://github.com/thefixer3x/micro-services/issues/301"
300,"Customer acquisition reports","OPEN","sheet:Product","","2026-01-06T21:41:29Z","2026-01-06T21:41:29Z","https://github.com/thefixer3x/micro-services/issues/300"
299,"User activity reports","OPEN","sheet:Product","","2026-01-06T21:41:26Z","2026-01-06T21:41:26Z","https://github.com/thefixer3x/micro-services/issues/299"
298,"Operational Reports","OPEN","sheet:Product","","2026-01-06T21:41:23Z","2026-01-06T21:41:23Z","https://github.com/thefixer3x/micro-services/issues/298"
297,"Audit reports","OPEN","sheet:Product","","2026-01-06T21:41:20Z","2026-01-06T21:41:20Z","https://github.com/thefixer3x/micro-services/issues/297"
296,"Tax reports","OPEN","sheet:Product","","2026-01-06T21:41:17Z","2026-01-06T21:41:17Z","https://github.com/thefixer3x/micro-services/issues/296"
295,"Reconciliation reports","OPEN","sheet:Product","","2026-01-06T21:41:15Z","2026-01-06T21:41:15Z","https://github.com/thefixer3x/micro-services/issues/295"
294,"Partner settlement reports","OPEN","sheet:Product","","2026-01-06T21:41:12Z","2026-01-06T21:41:12Z","https://github.com/thefixer3x/micro-services/issues/294"
293,"Fee collection reports","OPEN","sheet:Product","","2026-01-06T21:41:09Z","2026-01-06T21:41:09Z","https://github.com/thefixer3x/micro-services/issues/293"
292,"Transaction volume reports","OPEN","sheet:Product","","2026-01-06T21:41:06Z","2026-01-06T21:41:06Z","https://github.com/thefixer3x/micro-services/issues/292"
291,"Revenue reports","OPEN","sheet:Product","","2026-01-06T21:41:03Z","2026-01-06T21:41:03Z","https://github.com/thefixer3x/micro-services/issues/291"
290,"Reporting","OPEN","sheet:Product","","2026-01-06T21:41:00Z","2026-01-06T21:41:00Z","https://github.com/thefixer3x/micro-services/issues/290"
289,"Set up integration parameters","OPEN","sheet:Product","","2026-01-06T21:40:57Z","2026-01-06T21:40:57Z","https://github.com/thefixer3x/micro-services/issues/289"
288,"Configure validation rules","OPEN","sheet:Product","","2026-01-06T21:40:54Z","2026-01-06T21:40:54Z","https://github.com/thefixer3x/micro-services/issues/288"
287,"Manage user permissions","OPEN","sheet:Product","","2026-01-06T21:40:51Z","2026-01-06T21:40:51Z","https://github.com/thefixer3x/micro-services/issues/287"
286,"Set up document templates","OPEN","sheet:Product","","2026-01-06T21:40:48Z","2026-01-06T21:40:48Z","https://github.com/thefixer3x/micro-services/issues/286"
285,"Configure notification rules","OPEN","sheet:Product","","2026-01-06T21:40:45Z","2026-01-06T21:40:45Z","https://github.com/thefixer3x/micro-services/issues/285"
284,"Define release conditions","OPEN","sheet:Product","","2026-01-06T21:40:42Z","2026-01-06T21:40:42Z","https://github.com/thefixer3x/micro-services/issues/284"
283,"Set up approval matrices","OPEN","sheet:Product","","2026-01-06T21:40:40Z","2026-01-06T21:40:40Z","https://github.com/thefixer3x/micro-services/issues/283"
282,"System Configuration","OPEN","sheet:Product","","2026-01-06T21:40:37Z","2026-01-06T21:40:37Z","https://github.com/thefixer3x/micro-services/issues/282"
281,"Generate business intelligence","OPEN","sheet:Product","","2026-01-06T21:40:34Z","2026-01-06T21:40:34Z","https://github.com/thefixer3x/micro-services/issues/281"
280,"Monitor service levels","OPEN","sheet:Product","","2026-01-06T21:40:31Z","2026-01-06T21:40:31Z","https://github.com/thefixer3x/micro-services/issues/280"
279,"Track dispute statistics","OPEN","sheet:Product","","2026-01-06T21:40:28Z","2026-01-06T21:40:28Z","https://github.com/thefixer3x/micro-services/issues/279"
278,"Generate compliance reports","OPEN","sheet:Product","","2026-01-06T21:40:26Z","2026-01-06T21:40:26Z","https://github.com/thefixer3x/micro-services/issues/278"
277,"Analyze transaction patterns","OPEN","sheet:Product","","2026-01-06T21:40:23Z","2026-01-06T21:40:23Z","https://github.com/thefixer3x/micro-services/issues/277"
276,"Monitor risk indicators","OPEN","sheet:Product","","2026-01-06T21:40:20Z","2026-01-06T21:40:20Z","https://github.com/thefixer3x/micro-services/issues/276"
275,"Track escrow metrics","OPEN","sheet:Product","","2026-01-06T21:40:18Z","2026-01-06T21:40:18Z","https://github.com/thefixer3x/micro-services/issues/275"
274,"Reporting & Analytics","OPEN","sheet:Product","","2026-01-06T21:40:15Z","2026-01-06T21:40:15Z","https://github.com/thefixer3x/micro-services/issues/274"
273,"Review partner reports","OPEN","sheet:Product","","2026-01-06T21:40:12Z","2026-01-06T21:40:12Z","https://github.com/thefixer3x/micro-services/issues/273"
272,"Track partner disputes","OPEN","sheet:Product","","2026-01-06T21:40:08Z","2026-01-06T21:40:08Z","https://github.com/thefixer3x/micro-services/issues/272"
271,"Monitor partner fees","OPEN","sheet:Product","","2026-01-06T21:40:05Z","2026-01-06T21:40:05Z","https://github.com/thefixer3x/micro-services/issues/271"
270,"Configure settlement processes","OPEN","sheet:Product","","2026-01-06T21:40:01Z","2026-01-06T21:40:01Z","https://github.com/thefixer3x/micro-services/issues/270"
269,"Manage API integrations","OPEN","sheet:Product","","2026-01-06T21:39:58Z","2026-01-06T21:39:58Z","https://github.com/thefixer3x/micro-services/issues/269"
268,"Track service levels","OPEN","sheet:Product","","2026-01-06T21:39:55Z","2026-01-06T21:39:55Z","https://github.com/thefixer3x/micro-services/issues/268"
267,"Monitor partner performance","OPEN","sheet:Product","","2026-01-06T21:39:53Z","2026-01-06T21:39:53Z","https://github.com/thefixer3x/micro-services/issues/267"
266,"Partner Management","OPEN","sheet:Product","","2026-01-06T21:39:49Z","2026-01-06T21:39:49Z","https://github.com/thefixer3x/micro-services/issues/266"
265,"Monitor float balances","OPEN","sheet:Product","","2026-01-06T21:39:47Z","2026-01-06T21:39:47Z","https://github.com/thefixer3x/micro-services/issues/265"
264,"Manage tax reporting","OPEN","sheet:Product","","2026-01-06T21:39:44Z","2026-01-06T21:39:44Z","https://github.com/thefixer3x/micro-services/issues/264"
263,"Track revenue","OPEN","sheet:Product","","2026-01-06T21:39:41Z","2026-01-06T21:39:41Z","https://github.com/thefixer3x/micro-services/issues/263"
262,"Generate financial reports","OPEN","sheet:Product","","2026-01-06T21:39:38Z","2026-01-06T21:39:38Z","https://github.com/thefixer3x/micro-services/issues/262"
261,"Reconcile accounts","OPEN","sheet:Product","","2026-01-06T21:39:35Z","2026-01-06T21:39:35Z","https://github.com/thefixer3x/micro-services/issues/261"
260,"Process fee collections","OPEN","sheet:Product","","2026-01-06T21:39:33Z","2026-01-06T21:39:33Z","https://github.com/thefixer3x/micro-services/issues/260"
259,"Calculate and distribute interest","OPEN","sheet:Product","","2026-01-06T21:39:30Z","2026-01-06T21:39:30Z","https://github.com/thefixer3x/micro-services/issues/259"
258,"Financial Operations","OPEN","sheet:Product","","2026-01-06T21:39:27Z","2026-01-06T21:39:27Z","https://github.com/thefixer3x/micro-services/issues/258"
257,"Track appeal processes","OPEN","sheet:Product","","2026-01-06T21:39:25Z","2026-01-06T21:39:25Z","https://github.com/thefixer3x/micro-services/issues/257"
256,"Generate resolution reports","OPEN","sheet:Product","","2026-01-06T21:39:22Z","2026-01-06T21:39:22Z","https://github.com/thefixer3x/micro-services/issues/256"
255,"Document case histories","OPEN","sheet:Product","","2026-01-06T21:39:20Z","2026-01-06T21:39:20Z","https://github.com/thefixer3x/micro-services/issues/255"
254,"Process refunds","OPEN","sheet:Product","","2026-01-06T21:39:17Z","2026-01-06T21:39:17Z","https://github.com/thefixer3x/micro-services/issues/254"
253,"Enforce decisions","OPEN","sheet:Product","","2026-01-06T21:39:14Z","2026-01-06T21:39:14Z","https://github.com/thefixer3x/micro-services/issues/253"
252,"Monitor resolution progress","OPEN","sheet:Product","","2026-01-06T21:39:11Z","2026-01-06T21:39:11Z","https://github.com/thefixer3x/micro-services/issues/252"
251,"Assign mediators","OPEN","sheet:Product","","2026-01-06T21:39:09Z","2026-01-06T21:39:09Z","https://github.com/thefixer3x/micro-services/issues/251"
250,"Dispute Resolution","OPEN","sheet:Product","","2026-01-06T21:39:06Z","2026-01-06T21:39:06Z","https://github.com/thefixer3x/micro-services/issues/250"
249,"Policy enforcement","OPEN","sheet:Product","","2026-01-06T21:39:03Z","2026-01-06T21:39:03Z","https://github.com/thefixer3x/micro-services/issues/249"
248,"Audit trail maintenance","OPEN","sheet:Product","","2026-01-06T21:39:00Z","2026-01-06T21:39:00Z","https://github.com/thefixer3x/micro-services/issues/248"
247,"Transaction monitoring","OPEN","sheet:Product","","2026-01-06T21:38:58Z","2026-01-06T21:38:58Z","https://github.com/thefixer3x/micro-services/issues/247"
246,"Sanction screening","OPEN","sheet:Product","","2026-01-06T21:38:56Z","2026-01-06T21:38:56Z","https://github.com/thefixer3x/micro-services/issues/246"
245,"Document verification","OPEN","sheet:Product","","2026-01-06T21:38:54Z","2026-01-06T21:38:54Z","https://github.com/thefixer3x/micro-services/issues/245"
244,"Regulatory reporting","OPEN","sheet:Product","","2026-01-06T21:38:51Z","2026-01-06T21:38:51Z","https://github.com/thefixer3x/micro-services/issues/244"
243,"Risk assessment of transactions","OPEN","sheet:Product","","2026-01-06T21:38:49Z","2026-01-06T21:38:49Z","https://github.com/thefixer3x/micro-services/issues/243"
242,"Compliance & Risk","OPEN","sheet:Product","","2026-01-06T21:38:46Z","2026-01-06T21:38:46Z","https://github.com/thefixer3x/micro-services/issues/242"
241,"Monitor suspicious activities","OPEN","sheet:Product","","2026-01-06T21:38:43Z","2026-01-06T21:38:43Z","https://github.com/thefixer3x/micro-services/issues/241"
240,"Track failed transactions","OPEN","sheet:Product","","2026-01-06T21:38:41Z","2026-01-06T21:38:41Z","https://github.com/thefixer3x/micro-services/issues/240"
239,"Manage payment schedules","OPEN","sheet:Product","","2026-01-06T21:38:38Z","2026-01-06T21:38:38Z","https://github.com/thefixer3x/micro-services/issues/239"
238,"Override automated releases","OPEN","sheet:Product","","2026-01-06T21:38:36Z","2026-01-06T21:38:36Z","https://github.com/thefixer3x/micro-services/issues/238"
237,"Process manual releases","OPEN","sheet:Product","","2026-01-06T21:38:33Z","2026-01-06T21:38:33Z","https://github.com/thefixer3x/micro-services/issues/237"
236,"Verify supporting documents","OPEN","sheet:Product","","2026-01-06T21:38:31Z","2026-01-06T21:38:31Z","https://github.com/thefixer3x/micro-services/issues/236"
235,"Monitor milestone completions","OPEN","sheet:Product","","2026-01-06T21:38:29Z","2026-01-06T21:38:29Z","https://github.com/thefixer3x/micro-services/issues/235"
234,"Transaction Management","OPEN","sheet:Product","","2026-01-06T21:38:26Z","2026-01-06T21:38:26Z","https://github.com/thefixer3x/micro-services/issues/234"
233,"Manage interest distributions","OPEN","sheet:Product","","2026-01-06T21:38:24Z","2026-01-06T21:38:24Z","https://github.com/thefixer3x/micro-services/issues/233"
232,"Track dormant accounts","OPEN","sheet:Product","","2026-01-06T21:38:21Z","2026-01-06T21:38:21Z","https://github.com/thefixer3x/micro-services/issues/232"
231,"Monitor account balances","OPEN","sheet:Product","","2026-01-06T21:38:19Z","2026-01-06T21:38:19Z","https://github.com/thefixer3x/micro-services/issues/231"
230,"Set transaction limits","OPEN","sheet:Product","","2026-01-06T21:38:16Z","2026-01-06T21:38:16Z","https://github.com/thefixer3x/micro-services/issues/230"
229,"Configure fee structures","OPEN","sheet:Product","","2026-01-06T21:38:14Z","2026-01-06T21:38:14Z","https://github.com/thefixer3x/micro-services/issues/229"
228,"Manage escrow templates","OPEN","sheet:Product","","2026-01-06T21:38:11Z","2026-01-06T21:38:11Z","https://github.com/thefixer3x/micro-services/issues/228"
227,"Review account creation requests","OPEN","sheet:Product","","2026-01-06T21:38:09Z","2026-01-06T21:38:09Z","https://github.com/thefixer3x/micro-services/issues/227"
226,"Escrow Administration","OPEN","sheet:Product","","2026-01-06T21:38:06Z","2026-01-06T21:38:06Z","https://github.com/thefixer3x/micro-services/issues/226"
225,"Closure processing","OPEN","sheet:Product","","2026-01-06T21:38:03Z","2026-01-06T21:38:03Z","https://github.com/thefixer3x/micro-services/issues/225"
224,"Wallet upgrade/downgrade","OPEN","sheet:Product","","2026-01-06T21:38:01Z","2026-01-06T21:38:01Z","https://github.com/thefixer3x/micro-services/issues/224"
223,"Account linking","OPEN","sheet:Product","","2026-01-06T21:37:59Z","2026-01-06T21:37:59Z","https://github.com/thefixer3x/micro-services/issues/223"
222,"Feature enablement","OPEN","sheet:Product","","2026-01-06T21:37:56Z","2026-01-06T21:37:56Z","https://github.com/thefixer3x/micro-services/issues/222"
221,"Access control","OPEN","sheet:Product","","2026-01-06T21:37:54Z","2026-01-06T21:37:54Z","https://github.com/thefixer3x/micro-services/issues/221"
220,"Transaction limits","OPEN","sheet:Product","","2026-01-06T21:37:51Z","2026-01-06T21:37:51Z","https://github.com/thefixer3x/micro-services/issues/220"
219,"Balance management","OPEN","sheet:Product","","2026-01-06T21:37:49Z","2026-01-06T21:37:49Z","https://github.com/thefixer3x/micro-services/issues/219"
218,"Customer Wallet Operations","OPEN","sheet:Product","","2026-01-06T21:37:47Z","2026-01-06T21:37:47Z","https://github.com/thefixer3x/micro-services/issues/218"
217,"Wallet status management","OPEN","sheet:Product","","2026-01-06T21:37:44Z","2026-01-06T21:37:44Z","https://github.com/thefixer3x/micro-services/issues/217"
216,"Wallet type configuration","OPEN","sheet:Product","","2026-01-06T21:37:41Z","2026-01-06T21:37:41Z","https://github.com/thefixer3x/micro-services/issues/216"
215,"Wallet limit management","OPEN","sheet:Product","","2026-01-06T21:37:39Z","2026-01-06T21:37:39Z","https://github.com/thefixer3x/micro-services/issues/215"
214,"Wallet balance reconciliation","OPEN","sheet:Product","","2026-01-06T21:37:36Z","2026-01-06T21:37:36Z","https://github.com/thefixer3x/micro-services/issues/214"
213,"Virtual account management","OPEN","sheet:Product","","2026-01-06T21:37:34Z","2026-01-06T21:37:34Z","https://github.com/thefixer3x/micro-services/issues/213"
212,"Wallet Management","OPEN","sheet:Product","","2026-01-06T21:37:31Z","2026-01-06T21:37:31Z","https://github.com/thefixer3x/micro-services/issues/212"
211,"Float management","OPEN","sheet:Product","","2026-01-06T21:37:29Z","2026-01-06T21:37:29Z","https://github.com/thefixer3x/micro-services/issues/211"
210,"Settlement reporting","OPEN","sheet:Product","","2026-01-06T21:37:26Z","2026-01-06T21:37:26Z","https://github.com/thefixer3x/micro-services/issues/210"
209,"Settlement dispute resolution","OPEN","sheet:Product","","2026-01-06T21:37:24Z","2026-01-06T21:37:24Z","https://github.com/thefixer3x/micro-services/issues/209"
208,"Partner settlement tracking","OPEN","sheet:Product","","2026-01-06T21:37:22Z","2026-01-06T21:37:22Z","https://github.com/thefixer3x/micro-services/issues/208"
207,"Payment gateway settlement","OPEN","sheet:Product","","2026-01-06T21:37:19Z","2026-01-06T21:37:19Z","https://github.com/thefixer3x/micro-services/issues/207"
206,"Settlement reconciliation","OPEN","sheet:Product","","2026-01-06T21:37:16Z","2026-01-06T21:37:16Z","https://github.com/thefixer3x/micro-services/issues/206"
205,"Settlement Management","OPEN","sheet:Product","","2026-01-06T21:37:14Z","2026-01-06T21:37:14Z","https://github.com/thefixer3x/micro-services/issues/205"
204,"Batch transaction processing","OPEN","sheet:Product","","2026-01-06T21:37:11Z","2026-01-06T21:37:11Z","https://github.com/thefixer3x/micro-services/issues/204"
203,"Settlement tracking","OPEN","sheet:Product","","2026-01-06T21:37:09Z","2026-01-06T21:37:09Z","https://github.com/thefixer3x/micro-services/issues/203"
202,"Exchange rate management","OPEN","sheet:Product","","2026-01-06T21:37:06Z","2026-01-06T21:37:06Z","https://github.com/thefixer3x/micro-services/issues/202"
201,"Fee calculation verification","OPEN","sheet:Product","","2026-01-06T21:37:04Z","2026-01-06T21:37:04Z","https://github.com/thefixer3x/micro-services/issues/201"
200,"Transaction routing management","OPEN","sheet:Product","","2026-01-06T21:37:01Z","2026-01-06T21:37:01Z","https://github.com/thefixer3x/micro-services/issues/200"
199,"High-value transaction alerts","OPEN","sheet:Product","","2026-01-06T21:36:59Z","2026-01-06T21:36:59Z","https://github.com/thefixer3x/micro-services/issues/199"
198,"Transaction categorization","OPEN","sheet:Product","","2026-01-06T21:36:57Z","2026-01-06T21:36:57Z","https://github.com/thefixer3x/micro-services/issues/198"
197,"Transaction Management","OPEN","sheet:Product","","2026-01-06T21:36:55Z","2026-01-06T21:36:55Z","https://github.com/thefixer3x/micro-services/issues/197"
196,"Approval workflow configuration","OPEN","sheet:Product","","2026-01-06T21:36:52Z","2026-01-06T21:36:52Z","https://github.com/thefixer3x/micro-services/issues/196"
195,"Cross-department permission management","OPEN","sheet:Product","","2026-01-06T21:36:49Z","2026-01-06T21:36:49Z","https://github.com/thefixer3x/micro-services/issues/195"
194,"Role hierarchy configuration","OPEN","sheet:Product","","2026-01-06T21:36:46Z","2026-01-06T21:36:46Z","https://github.com/thefixer3x/micro-services/issues/194"
193,"Department Management","OPEN","sheet:Product","","2026-01-06T21:36:44Z","2026-01-06T21:36:44Z","https://github.com/thefixer3x/micro-services/issues/193"
192,"Training module assignment","OPEN","sheet:Product","","2026-01-06T21:36:42Z","2026-01-06T21:36:42Z","https://github.com/thefixer3x/micro-services/issues/192"
191,"Activity monitoring","OPEN","sheet:Product","","2026-01-06T21:36:39Z","2026-01-06T21:36:39Z","https://github.com/thefixer3x/micro-services/issues/191"
190,"Performance tracking","OPEN","sheet:Product","","2026-01-06T21:36:37Z","2026-01-06T21:36:37Z","https://github.com/thefixer3x/micro-services/issues/190"
189,"Staff onboarding workflow","OPEN","sheet:Product","","2026-01-06T21:36:35Z","2026-01-06T21:36:35Z","https://github.com/thefixer3x/micro-services/issues/189"
188,"Access level management","OPEN","sheet:Product","","2026-01-06T21:36:32Z","2026-01-06T21:36:32Z","https://github.com/thefixer3x/micro-services/issues/188"
187,"Permission assignment","OPEN","sheet:Product","","2026-01-06T21:36:30Z","2026-01-06T21:36:30Z","https://github.com/thefixer3x/micro-services/issues/187"
186,"Role-Based Access Control","OPEN","sheet:Product","","2026-01-06T21:36:27Z","2026-01-06T21:36:27Z","https://github.com/thefixer3x/micro-services/issues/186"
185,"Regulatory reporting tools","OPEN","sheet:Product","","2026-01-06T21:36:25Z","2026-01-06T21:36:25Z","https://github.com/thefixer3x/micro-services/issues/185"
184,"Risk assessment dashboard","OPEN","sheet:Product","","2026-01-06T21:36:22Z","2026-01-06T21:36:22Z","https://github.com/thefixer3x/micro-services/issues/184"
183,"Sanctions screening interface","OPEN","sheet:Product","","2026-01-06T21:36:19Z","2026-01-06T21:36:19Z","https://github.com/thefixer3x/micro-services/issues/183"
182,"Compliance Management","OPEN","sheet:Product","","2026-01-06T21:36:17Z","2026-01-06T21:36:17Z","https://github.com/thefixer3x/micro-services/issues/182"
181,"Document validation tools","OPEN","sheet:Product","","2026-01-06T21:36:14Z","2026-01-06T21:36:14Z","https://github.com/thefixer3x/micro-services/issues/181"
180,"User verification status monitoring","OPEN","sheet:Product","","2026-01-06T21:36:12Z","2026-01-06T21:36:12Z","https://github.com/thefixer3x/micro-services/issues/180"
179,"Blockchain-based KYC data management","OPEN","sheet:Product","","2026-01-06T21:36:09Z","2026-01-06T21:36:09Z","https://github.com/thefixer3x/micro-services/issues/179"
178,"KYC Management","OPEN","sheet:Product","","2026-01-06T21:36:07Z","2026-01-06T21:36:07Z","https://github.com/thefixer3x/micro-services/issues/178"
177,"Control effectiveness monitoring","OPEN","sheet:Product","","2026-01-06T21:36:04Z","2026-01-06T21:36:04Z","https://github.com/thefixer3x/micro-services/issues/177"
176,"Risk mitigation tracking","OPEN","sheet:Product","","2026-01-06T21:36:02Z","2026-01-06T21:36:02Z","https://github.com/thefixer3x/micro-services/issues/176"
175,"Incident management","OPEN","sheet:Product","","2026-01-06T21:35:59Z","2026-01-06T21:35:59Z","https://github.com/thefixer3x/micro-services/issues/175"
174,"Risk reporting dashboard","OPEN","sheet:Product","","2026-01-06T21:35:57Z","2026-01-06T21:35:57Z","https://github.com/thefixer3x/micro-services/issues/174"
173,"Limit management","OPEN","sheet:Product","","2026-01-06T21:35:55Z","2026-01-06T21:35:55Z","https://github.com/thefixer3x/micro-services/issues/173"
172,"Exposure monitoring","OPEN","sheet:Product","","2026-01-06T21:35:52Z","2026-01-06T21:35:52Z","https://github.com/thefixer3x/micro-services/issues/172"
171,"Risk scoring models","OPEN","sheet:Product","","2026-01-06T21:35:49Z","2026-01-06T21:35:49Z","https://github.com/thefixer3x/micro-services/issues/171"
170,"Risk Management","OPEN","sheet:Product","","2026-01-06T21:35:47Z","2026-01-06T21:35:47Z","https://github.com/thefixer3x/micro-services/issues/170"
169,"Policy document management","OPEN","sheet:Product","","2026-01-06T21:35:44Z","2026-01-06T21:35:44Z","https://github.com/thefixer3x/micro-services/issues/169"
168,"Regulatory correspondence","OPEN","sheet:Product","","2026-01-06T21:35:42Z","2026-01-06T21:35:42Z","https://github.com/thefixer3x/micro-services/issues/168"
167,"Compliance deadline tracking","OPEN","sheet:Product","","2026-01-06T21:35:39Z","2026-01-06T21:35:39Z","https://github.com/thefixer3x/micro-services/issues/167"
166,"Regulatory filing calendar","OPEN","sheet:Product","","2026-01-06T21:35:37Z","2026-01-06T21:35:37Z","https://github.com/thefixer3x/micro-services/issues/166"
165,"Regulatory Requirements","OPEN","sheet:Product","","2026-01-06T21:35:34Z","2026-01-06T21:35:34Z","https://github.com/thefixer3x/micro-services/issues/165"
164,"Risk assessment reports","OPEN","sheet:Product","","2026-01-06T21:35:31Z","2026-01-06T21:35:31Z","https://github.com/thefixer3x/micro-services/issues/164"
163,"Policy violation reports","OPEN","sheet:Product","","2026-01-06T21:35:29Z","2026-01-06T21:35:29Z","https://github.com/thefixer3x/micro-services/issues/163"
162,"Compliance training tracking","OPEN","sheet:Product","","2026-01-06T21:35:26Z","2026-01-06T21:35:26Z","https://github.com/thefixer3x/micro-services/issues/162"
161,"Regulatory examination support","OPEN","sheet:Product","","2026-01-06T21:35:24Z","2026-01-06T21:35:24Z","https://github.com/thefixer3x/micro-services/issues/161"
160,"Anti-Money Laundering (AML) reports","OPEN","sheet:Product","","2026-01-06T21:35:21Z","2026-01-06T21:35:21Z","https://github.com/thefixer3x/micro-services/issues/160"
159,"Know Your Customer (KYC) reports","OPEN","sheet:Product","","2026-01-06T21:35:19Z","2026-01-06T21:35:19Z","https://github.com/thefixer3x/micro-services/issues/159"
158,"Currency Transaction Reports (CTRs)","OPEN","sheet:Product","","2026-01-06T21:35:16Z","2026-01-06T21:35:16Z","https://github.com/thefixer3x/micro-services/issues/158"
157,"Regulatory Compliance","OPEN","sheet:Product","","2026-01-06T21:35:13Z","2026-01-06T21:35:13Z","https://github.com/thefixer3x/micro-services/issues/157"
156,"Profitability analysis","OPEN","sheet:Product","","2026-01-06T21:35:11Z","2026-01-06T21:35:11Z","https://github.com/thefixer3x/micro-services/issues/156"
155,"Revenue forecasting","OPEN","sheet:Product","","2026-01-06T21:35:09Z","2026-01-06T21:35:09Z","https://github.com/thefixer3x/micro-services/issues/155"
154,"Refund management","OPEN","sheet:Product","","2026-01-06T21:35:06Z","2026-01-06T21:35:06Z","https://github.com/thefixer3x/micro-services/issues/154"
153,"Promotional discount tracking","OPEN","sheet:Product","","2026-01-06T21:35:04Z","2026-01-06T21:35:04Z","https://github.com/thefixer3x/micro-services/issues/153"
152,"Commission calculation","OPEN","sheet:Product","","2026-01-06T21:35:01Z","2026-01-06T21:35:01Z","https://github.com/thefixer3x/micro-services/issues/152"
151,"Revenue recognition","OPEN","sheet:Product","","2026-01-06T21:34:58Z","2026-01-06T21:34:58Z","https://github.com/thefixer3x/micro-services/issues/151"
150,"Revenue Management","OPEN","sheet:Product","","2026-01-06T21:34:56Z","2026-01-06T21:34:56Z","https://github.com/thefixer3x/micro-services/issues/150"
149,"Investment portfolio tracking","OPEN","sheet:Product","","2026-01-06T21:34:53Z","2026-01-06T21:34:53Z","https://github.com/thefixer3x/micro-services/issues/149"
148,"Bank account management","OPEN","sheet:Product","","2026-01-06T21:34:51Z","2026-01-06T21:34:51Z","https://github.com/thefixer3x/micro-services/issues/148"
147,"Fund allocation tracking","OPEN","sheet:Product","","2026-01-06T21:34:48Z","2026-01-06T21:34:48Z","https://github.com/thefixer3x/micro-services/issues/147"
146,"Interest calculation","OPEN","sheet:Product","","2026-01-06T21:34:45Z","2026-01-06T21:34:45Z","https://github.com/thefixer3x/micro-services/issues/146"
145,"FX position management","OPEN","sheet:Product","","2026-01-06T21:34:43Z","2026-01-06T21:34:43Z","https://github.com/thefixer3x/micro-services/issues/145"
144,"Cash flow forecasting","OPEN","sheet:Product","","2026-01-06T21:34:40Z","2026-01-06T21:34:40Z","https://github.com/thefixer3x/micro-services/issues/144"
143,"Treasury Management","OPEN","sheet:Product","","2026-01-06T21:34:38Z","2026-01-06T21:34:38Z","https://github.com/thefixer3x/micro-services/issues/143"
142,"Financial year management","OPEN","sheet:Product","","2026-01-06T21:34:36Z","2026-01-06T21:34:36Z","https://github.com/thefixer3x/micro-services/issues/142"
141,"Multi-currency support","OPEN","sheet:Product","","2026-01-06T21:34:33Z","2026-01-06T21:34:33Z","https://github.com/thefixer3x/micro-services/issues/141"
140,"Account reconciliation","OPEN","sheet:Product","","2026-01-06T21:34:30Z","2026-01-06T21:34:30Z","https://github.com/thefixer3x/micro-services/issues/140"
139,"Journal entry management","OPEN","sheet:Product","","2026-01-06T21:34:28Z","2026-01-06T21:34:28Z","https://github.com/thefixer3x/micro-services/issues/139"
138,"Trial balance generation","OPEN","sheet:Product","","2026-01-06T21:34:25Z","2026-01-06T21:34:25Z","https://github.com/thefixer3x/micro-services/issues/138"
137,"Profit & loss statements","OPEN","sheet:Product","","2026-01-06T21:34:22Z","2026-01-06T21:34:22Z","https://github.com/thefixer3x/micro-services/issues/137"
136,"Real-time balance sheet","OPEN","sheet:Product","","2026-01-06T21:34:19Z","2026-01-06T21:34:19Z","https://github.com/thefixer3x/micro-services/issues/136"
135,"Financial Management","OPEN","sheet:Product","","2026-01-06T21:34:17Z","2026-01-06T21:34:17Z","https://github.com/thefixer3x/micro-services/issues/135"
134,"Support agent performance tracking","OPEN","sheet:Product","","2026-01-06T21:34:15Z","2026-01-06T21:34:15Z","https://github.com/thefixer3x/micro-services/issues/134"
133,"SLA monitoring","OPEN","sheet:Product","","2026-01-06T21:34:11Z","2026-01-06T21:34:11Z","https://github.com/thefixer3x/micro-services/issues/133"
132,"Customer feedback management","OPEN","sheet:Product","","2026-01-06T21:34:08Z","2026-01-06T21:34:08Z","https://github.com/thefixer3x/micro-services/issues/132"
131,"Service request tracking","OPEN","sheet:Product","","2026-01-06T21:34:06Z","2026-01-06T21:34:06Z","https://github.com/thefixer3x/micro-services/issues/131"
130,"Refund processing","OPEN","sheet:Product","","2026-01-06T21:34:03Z","2026-01-06T21:34:03Z","https://github.com/thefixer3x/micro-services/issues/130"
129,"Dispute resolution workflow","OPEN","sheet:Product","","2026-01-06T21:34:00Z","2026-01-06T21:34:00Z","https://github.com/thefixer3x/micro-services/issues/129"
128,"Customer communication history","OPEN","sheet:Product","","2026-01-06T21:33:58Z","2026-01-06T21:33:58Z","https://github.com/thefixer3x/micro-services/issues/128"
127,"Customer Support","OPEN","sheet:Product","","2026-01-06T21:33:55Z","2026-01-06T21:33:55Z","https://github.com/thefixer3x/micro-services/issues/127"
126,"Account closure workflow","OPEN","sheet:Product","","2026-01-06T21:33:53Z","2026-01-06T21:33:53Z","https://github.com/thefixer3x/micro-services/issues/126"
125,"Customer tier management","OPEN","sheet:Product","","2026-01-06T21:33:50Z","2026-01-06T21:33:50Z","https://github.com/thefixer3x/micro-services/issues/125"
124,"Account freezing/unfreezing","OPEN","sheet:Product","","2026-01-06T21:33:47Z","2026-01-06T21:33:47Z","https://github.com/thefixer3x/micro-services/issues/124"
123,"Service access control","OPEN","sheet:Product","","2026-01-06T21:33:45Z","2026-01-06T21:33:45Z","https://github.com/thefixer3x/micro-services/issues/123"
122,"Fee structure customization","OPEN","sheet:Product","","2026-01-06T21:33:42Z","2026-01-06T21:33:42Z","https://github.com/thefixer3x/micro-services/issues/122"
121,"Transaction limits configuration","OPEN","sheet:Product","","2026-01-06T21:33:40Z","2026-01-06T21:33:40Z","https://github.com/thefixer3x/micro-services/issues/121"
120,"Balance monitoring","OPEN","sheet:Product","","2026-01-06T21:33:37Z","2026-01-06T21:33:37Z","https://github.com/thefixer3x/micro-services/issues/120"
119,"Account Management","OPEN","sheet:Product","","2026-01-06T21:33:35Z","2026-01-06T21:33:35Z","https://github.com/thefixer3x/micro-services/issues/119"
118,"Document repository","OPEN","sheet:Product","","2026-01-06T21:33:32Z","2026-01-06T21:33:32Z","https://github.com/thefixer3x/micro-services/issues/118"
117,"Customer interaction history","OPEN","sheet:Product","","2026-01-06T21:33:30Z","2026-01-06T21:33:30Z","https://github.com/thefixer3x/micro-services/issues/117"
116,"Service usage analytics","OPEN","sheet:Product","","2026-01-06T21:33:27Z","2026-01-06T21:33:27Z","https://github.com/thefixer3x/micro-services/issues/116"
115,"Lifetime value tracking","OPEN","sheet:Product","","2026-01-06T21:33:25Z","2026-01-06T21:33:25Z","https://github.com/thefixer3x/micro-services/issues/115"
114,"Customer segmentation","OPEN","sheet:Product","","2026-01-06T21:33:22Z","2026-01-06T21:33:22Z","https://github.com/thefixer3x/micro-services/issues/114"
113,"Risk profile scoring","OPEN","sheet:Product","","2026-01-06T21:33:20Z","2026-01-06T21:33:20Z","https://github.com/thefixer3x/micro-services/issues/113"
112,"Transaction history and patterns","OPEN","sheet:Product","","2026-01-06T21:33:17Z","2026-01-06T21:33:17Z","https://github.com/thefixer3x/micro-services/issues/112"
111,"ADMINISTRATOR","OPEN","sheet:Product","","2026-01-06T21:33:14Z","2026-01-06T21:33:14Z","https://github.com/thefixer3x/micro-services/issues/111"
110,"Support status tracking","OPEN","sheet:Product","","2026-01-06T21:33:12Z","2026-01-06T21:33:12Z","https://github.com/thefixer3x/micro-services/issues/110"
109,"Feedback submission","OPEN","sheet:Product","","2026-01-06T21:33:09Z","2026-01-06T21:33:09Z","https://github.com/thefixer3x/micro-services/issues/109"
108,"Community forum","OPEN","sheet:Product","","2026-01-06T21:33:06Z","2026-01-06T21:33:06Z","https://github.com/thefixer3x/micro-services/issues/108"
107,"FAQs","OPEN","sheet:Product","","2026-01-06T21:33:04Z","2026-01-06T21:33:04Z","https://github.com/thefixer3x/micro-services/issues/107"
106,"Knowledge base","OPEN","sheet:Product","","2026-01-06T21:33:00Z","2026-01-06T21:33:00Z","https://github.com/thefixer3x/micro-services/issues/106"
105,"Video call support","OPEN","sheet:Product","","2026-01-06T21:32:58Z","2026-01-06T21:32:58Z","https://github.com/thefixer3x/micro-services/issues/105"
104,"Ticket creation","OPEN","sheet:Product","","2026-01-06T21:32:55Z","2026-01-06T21:32:55Z","https://github.com/thefixer3x/micro-services/issues/104"
103,"Support","OPEN","sheet:Product","","2026-01-06T21:32:52Z","2026-01-06T21:32:52Z","https://github.com/thefixer3x/micro-services/issues/103"
102,"Browser notifications","OPEN","sheet:Product","","2026-01-06T21:32:49Z","2026-01-06T21:32:49Z","https://github.com/thefixer3x/micro-services/issues/102"
101,"Multi-screen support","OPEN","sheet:Product","","2026-01-06T21:32:46Z","2026-01-06T21:32:46Z","https://github.com/thefixer3x/micro-services/issues/101"
100,"Custom dashboard layout","OPEN","sheet:Product","","2026-01-06T21:32:44Z","2026-01-06T21:32:44Z","https://github.com/thefixer3x/micro-services/issues/100"
99,"Data export capabilities","OPEN","sheet:Product","","2026-01-06T21:32:41Z","2026-01-06T21:32:41Z","https://github.com/thefixer3x/micro-services/issues/99"
98,"Keyboard shortcuts","OPEN","sheet:Product","","2026-01-06T21:32:39Z","2026-01-06T21:32:39Z","https://github.com/thefixer3x/micro-services/issues/98"
97,"Progressive web app","OPEN","sheet:Product","","2026-01-06T21:32:36Z","2026-01-06T21:32:36Z","https://github.com/thefixer3x/micro-services/issues/97"
96,"Cross-device synchronization","OPEN","sheet:Product","","2026-01-06T21:32:34Z","2026-01-06T21:32:34Z","https://github.com/thefixer3x/micro-services/issues/96"
95,"Web Features","OPEN","sheet:Product","","2026-01-06T21:32:31Z","2026-01-06T21:32:31Z","https://github.com/thefixer3x/micro-services/issues/95"
94,"Dark/light mode","OPEN","sheet:Product","","2026-01-06T21:32:29Z","2026-01-06T21:32:29Z","https://github.com/thefixer3x/micro-services/issues/94"
93,"App shortcuts","OPEN","sheet:Product","","2026-01-06T21:32:27Z","2026-01-06T21:32:27Z","https://github.com/thefixer3x/micro-services/issues/93"
92,"Quick actions","OPEN","sheet:Product","","2026-01-06T21:32:24Z","2026-01-06T21:32:24Z","https://github.com/thefixer3x/micro-services/issues/92"
91,"Widget support","OPEN","sheet:Product","","2026-01-06T21:32:21Z","2026-01-06T21:32:21Z","https://github.com/thefixer3x/micro-services/issues/91"
90,"Offline capabilities","OPEN","sheet:Product","","2026-01-06T21:32:18Z","2026-01-06T21:32:18Z","https://github.com/thefixer3x/micro-services/issues/90"
89,"Low-bandwidth mode","OPEN","sheet:Product","","2026-01-06T21:32:15Z","2026-01-06T21:32:15Z","https://github.com/thefixer3x/micro-services/issues/89"
88,"Biometric login","OPEN","sheet:Product","","2026-01-06T21:32:13Z","2026-01-06T21:32:13Z","https://github.com/thefixer3x/micro-services/issues/88"
87,"User Interface & Experience","OPEN","sheet:Product","","2026-01-06T21:32:09Z","2026-01-06T21:32:09Z","https://github.com/thefixer3x/micro-services/issues/87"
86,"Release schedule management","OPEN","sheet:Product","","2026-01-06T21:32:07Z","2026-01-06T21:32:07Z","https://github.com/thefixer3x/micro-services/issues/86"
85,"Document verification for large transactions","OPEN","sheet:Product","","2026-01-06T21:32:04Z","2026-01-06T21:32:04Z","https://github.com/thefixer3x/micro-services/issues/85"
84,"Escrow fee calculator","OPEN","sheet:Product","","2026-01-06T21:32:02Z","2026-01-06T21:32:02Z","https://github.com/thefixer3x/micro-services/issues/84"
83,"Dispute resolution system","OPEN","sheet:Product","","2026-01-06T21:31:59Z","2026-01-06T21:31:59Z","https://github.com/thefixer3x/micro-services/issues/83"
82,"Release condition management","OPEN","sheet:Product","","2026-01-06T21:31:57Z","2026-01-06T21:31:57Z","https://github.com/thefixer3x/micro-services/issues/82"
81,"Multi-signature authorization","OPEN","sheet:Product","","2026-01-06T21:31:55Z","2026-01-06T21:31:55Z","https://github.com/thefixer3x/micro-services/issues/81"
80,"Escrow Services","OPEN","sheet:Product","","2026-01-06T21:31:52Z","2026-01-06T21:31:52Z","https://github.com/thefixer3x/micro-services/issues/80"
79,"Compliance documentation submission","OPEN","sheet:Product","","2026-01-06T21:31:49Z","2026-01-06T21:31:49Z","https://github.com/thefixer3x/micro-services/issues/79"
78,"API key management","OPEN","sheet:Product","","2026-01-06T21:31:47Z","2026-01-06T21:31:47Z","https://github.com/thefixer3x/micro-services/issues/78"
77,"Integration documentation access","OPEN","sheet:Product","","2026-01-06T21:31:44Z","2026-01-06T21:31:44Z","https://github.com/thefixer3x/micro-services/issues/77"
76,"Credit limit assessment","OPEN","sheet:Product","","2026-01-06T21:31:42Z","2026-01-06T21:31:42Z","https://github.com/thefixer3x/micro-services/issues/76"
75,"Role assignment for team members","OPEN","sheet:Product","","2026-01-06T21:31:40Z","2026-01-06T21:31:40Z","https://github.com/thefixer3x/micro-services/issues/75"
74,"Multi-user account setup","OPEN","sheet:Product","","2026-01-06T21:31:38Z","2026-01-06T21:31:38Z","https://github.com/thefixer3x/micro-services/issues/74"
73,"B2B Onboarding Flow","OPEN","sheet:Product","","2026-01-06T21:31:35Z","2026-01-06T21:31:35Z","https://github.com/thefixer3x/micro-services/issues/73"
72,"Business analytics dashboard","OPEN","sheet:Product","","2026-01-06T21:31:32Z","2026-01-06T21:31:32Z","https://github.com/thefixer3x/micro-services/issues/72"
71,"QuickBooks integration","OPEN","sheet:Product","","2026-01-06T21:31:30Z","2026-01-06T21:31:30Z","https://github.com/thefixer3x/micro-services/issues/71"
70,"Virtual IBAN management","OPEN","sheet:Product","","2026-01-06T21:31:27Z","2026-01-06T21:31:27Z","https://github.com/thefixer3x/micro-services/issues/70"
69,"Business Features (B2B)","OPEN","sheet:Product","","2026-01-06T21:31:24Z","2026-01-06T21:31:24Z","https://github.com/thefixer3x/micro-services/issues/69"
68,"Anniversary rewards","OPEN","sheet:Product","","2026-01-06T21:31:22Z","2026-01-06T21:31:22Z","https://github.com/thefixer3x/micro-services/issues/68"
67,"Special promotions","OPEN","sheet:Product","","2026-01-06T21:31:19Z","2026-01-06T21:31:19Z","https://github.com/thefixer3x/micro-services/issues/67"
66,"Referral program","OPEN","sheet:Product","","2026-01-06T21:31:16Z","2026-01-06T21:31:16Z","https://github.com/thefixer3x/micro-services/issues/66"
65,"Reward redemption","OPEN","sheet:Product","","2026-01-06T21:31:13Z","2026-01-06T21:31:13Z","https://github.com/thefixer3x/micro-services/issues/65"
64,"Loyalty tier status","OPEN","sheet:Product","","2026-01-06T21:31:10Z","2026-01-06T21:31:10Z","https://github.com/thefixer3x/micro-services/issues/64"
63,"Reward points management","OPEN","sheet:Product","","2026-01-06T21:31:08Z","2026-01-06T21:31:08Z","https://github.com/thefixer3x/micro-services/issues/63"
62,"Value Added Services","OPEN","sheet:Product","","2026-01-06T21:31:05Z","2026-01-06T21:31:05Z","https://github.com/thefixer3x/micro-services/issues/62"
61,"Block/unblock cards","OPEN","sheet:Product","","2026-01-06T21:31:02Z","2026-01-06T21:31:02Z","https://github.com/thefixer3x/micro-services/issues/61"
60,"Transaction disputes","OPEN","sheet:Product","","2026-01-06T21:31:00Z","2026-01-06T21:31:00Z","https://github.com/thefixer3x/micro-services/issues/60"
59,"Payment confirmation","OPEN","sheet:Product","","2026-01-06T21:30:58Z","2026-01-06T21:30:58Z","https://github.com/thefixer3x/micro-services/issues/59"
58,"Beneficiary management","OPEN","sheet:Product","","2026-01-06T21:30:56Z","2026-01-06T21:30:56Z","https://github.com/thefixer3x/micro-services/issues/58"
57,"Transaction verification","OPEN","sheet:Product","","2026-01-06T21:30:53Z","2026-01-06T21:30:53Z","https://github.com/thefixer3x/micro-services/issues/57"
56,"Suspicious activity reporting","OPEN","sheet:Product","","2026-01-06T21:30:51Z","2026-01-06T21:30:51Z","https://github.com/thefixer3x/micro-services/issues/56"
55,"Fraud alerts","OPEN","sheet:Product","","2026-01-06T21:30:48Z","2026-01-06T21:30:48Z","https://github.com/thefixer3x/micro-services/issues/55"
54,"Transaction Security","OPEN","sheet:Product","","2026-01-06T21:30:46Z","2026-01-06T21:30:46Z","https://github.com/thefixer3x/micro-services/issues/54"
53,"Geo-location restrictions","OPEN","sheet:Product","","2026-01-06T21:30:43Z","2026-01-06T21:30:43Z","https://github.com/thefixer3x/micro-services/issues/53"
52,"Transaction limits","OPEN","sheet:Product","","2026-01-06T21:30:40Z","2026-01-06T21:30:40Z","https://github.com/thefixer3x/micro-services/issues/52"
51,"PIN management","OPEN","sheet:Product","","2026-01-06T21:30:38Z","2026-01-06T21:30:38Z","https://github.com/thefixer3x/micro-services/issues/51"
50,"Security Questions","OPEN","sheet:Product","","2026-01-06T21:30:36Z","2026-01-06T21:30:36Z","https://github.com/thefixer3x/micro-services/issues/50"
49,"Login activity monitoring","OPEN","sheet:Product","","2026-01-06T21:30:34Z","2026-01-06T21:30:34Z","https://github.com/thefixer3x/micro-services/issues/49"
48,"Device management","OPEN","sheet:Product","","2026-01-06T21:30:31Z","2026-01-06T21:30:31Z","https://github.com/thefixer3x/micro-services/issues/48"
47,"Biometric login","OPEN","sheet:Product","","2026-01-06T21:30:29Z","2026-01-06T21:30:29Z","https://github.com/thefixer3x/micro-services/issues/47"
46,"Security & Control","OPEN","sheet:Product","","2026-01-06T21:30:27Z","2026-01-06T21:30:27Z","https://github.com/thefixer3x/micro-services/issues/46"
45,"Regular payment setup","OPEN","sheet:Product","","2026-01-06T21:30:25Z","2026-01-06T21:30:25Z","https://github.com/thefixer3x/micro-services/issues/45"
44,"Schedule future transfers","OPEN","sheet:Product","","2026-01-06T21:30:22Z","2026-01-06T21:30:22Z","https://github.com/thefixer3x/micro-services/issues/44"
43,"Bulk transfers","OPEN","sheet:Product","","2026-01-06T21:30:19Z","2026-01-06T21:30:19Z","https://github.com/thefixer3x/micro-services/issues/43"
42,"International remittances","OPEN","sheet:Product","","2026-01-06T21:30:17Z","2026-01-06T21:30:17Z","https://github.com/thefixer3x/micro-services/issues/42"
41,"Money Transfer Services","OPEN","sheet:Product","","2026-01-06T21:30:14Z","2026-01-06T21:30:14Z","https://github.com/thefixer3x/micro-services/issues/41"
40,"Payment limits management","OPEN","sheet:Product","","2026-01-06T21:30:12Z","2026-01-06T21:30:12Z","https://github.com/thefixer3x/micro-services/issues/40"
39,"Favorite beneficiaries","OPEN","sheet:Product","","2026-01-06T21:30:10Z","2026-01-06T21:30:10Z","https://github.com/thefixer3x/micro-services/issues/39"
38,"Quick payment shortcuts","OPEN","sheet:Product","","2026-01-06T21:30:07Z","2026-01-06T21:30:07Z","https://github.com/thefixer3x/micro-services/issues/38"
37,"Recurring payment setup","OPEN","sheet:Product","","2026-01-06T21:30:04Z","2026-01-06T21:30:04Z","https://github.com/thefixer3x/micro-services/issues/37"
36,"Card management (virtual/physical)","OPEN","sheet:Product","","2026-01-06T21:30:02Z","2026-01-06T21:30:02Z","https://github.com/thefixer3x/micro-services/issues/36"
35,"Payment Methods","OPEN","sheet:Product","","2026-01-06T21:29:59Z","2026-01-06T21:29:59Z","https://github.com/thefixer3x/micro-services/issues/35"
34,"Statement generation","OPEN","sheet:Product","","2026-01-06T21:29:56Z","2026-01-06T21:29:56Z","https://github.com/thefixer3x/micro-services/issues/34"
33,"Virtual card creation","OPEN","sheet:Product","","2026-01-06T21:29:53Z","2026-01-06T21:29:53Z","https://github.com/thefixer3x/micro-services/issues/33"
32,"Transaction history","OPEN","sheet:Product","","2026-01-06T21:29:51Z","2026-01-06T21:29:51Z","https://github.com/thefixer3x/micro-services/issues/32"
31,"Real-time balance viewing","OPEN","sheet:Product","","2026-01-06T21:29:48Z","2026-01-06T21:29:48Z","https://github.com/thefixer3x/micro-services/issues/31"
30,"Wallet & Payments","OPEN","sheet:Product","","2026-01-06T21:29:46Z","2026-01-06T21:29:46Z","https://github.com/thefixer3x/micro-services/issues/30"
29,"Notification management","OPEN","sheet:Product","","2026-01-06T21:29:43Z","2026-01-06T21:29:43Z","https://github.com/thefixer3x/micro-services/issues/29"
28,"Language preferences","OPEN","sheet:Product","","2026-01-06T21:29:40Z","2026-01-06T21:29:40Z","https://github.com/thefixer3x/micro-services/issues/28"
27,"Security settings configuration","OPEN","sheet:Product","","2026-01-06T21:29:38Z","2026-01-06T21:29:38Z","https://github.com/thefixer3x/micro-services/issues/27"
26,"Communication preferences","OPEN","sheet:Product","","2026-01-06T21:29:35Z","2026-01-06T21:29:35Z","https://github.com/thefixer3x/micro-services/issues/26"
25,"Biometric authentication setup","OPEN","sheet:Product","","2026-01-06T21:29:33Z","2026-01-06T21:29:33Z","https://github.com/thefixer3x/micro-services/issues/25"
24,"Document storage and management","OPEN","sheet:Product","","2026-01-06T21:29:31Z","2026-01-06T21:29:31Z","https://github.com/thefixer3x/micro-services/issues/24"
23,"Transaction history viewing","OPEN","sheet:Product","","2026-01-06T21:29:28Z","2026-01-06T21:29:28Z","https://github.com/thefixer3x/micro-services/issues/23"
22,"Profile Management","OPEN","sheet:Product","","2026-01-06T21:29:25Z","2026-01-06T21:29:25Z","https://github.com/thefixer3x/micro-services/issues/22"
21,"Social security/NIN verification","OPEN","sheet:Product","","2026-01-06T21:29:22Z","2026-01-06T21:29:22Z","https://github.com/thefixer3x/micro-services/issues/21"
20,"Address verification system","OPEN","sheet:Product","","2026-01-06T21:29:20Z","2026-01-06T21:29:20Z","https://github.com/thefixer3x/micro-services/issues/20"
19,"Document upload and verification","OPEN","sheet:Product","","2026-01-06T21:29:17Z","2026-01-06T21:29:17Z","https://github.com/thefixer3x/micro-services/issues/19"
18,"Multiple account types (Individual, Business, Joint)","OPEN","sheet:Product","","2026-01-06T21:29:15Z","2026-01-06T21:29:15Z","https://github.com/thefixer3x/micro-services/issues/18"
17,"Multi-language support (English, Pidgin English, Yoruba, French)","OPEN","sheet:Product","","2026-01-06T21:29:12Z","2026-01-06T21:29:12Z","https://github.com/thefixer3x/micro-services/issues/17"
16,"Biometric login support","OPEN","sheet:Product","","2026-01-06T21:29:09Z","2026-01-06T21:29:09Z","https://github.com/thefixer3x/micro-services/issues/16"
15,"Facial recognition with liveness detection","OPEN","sheet:Product","","2026-01-06T21:29:06Z","2026-01-06T21:29:06Z","https://github.com/thefixer3x/micro-services/issues/15"
14,"USER","OPEN","sheet:Product","","2026-01-06T21:29:04Z","2026-01-06T21:29:04Z","https://github.com/thefixer3x/micro-services/issues/14"
4,"Phase 1: Setup API Gateway","OPEN","enhancement; phase-1; infrastructure","","2025-10-02T09:22:24Z","2025-12-30T13:31:56Z","https://github.com/thefixer3x/micro-services/issues/4"
2,"Phase 1: Implement Identity Service","CLOSED","enhancement; phase-1; identity-service","","2025-09-11T05:03:39Z","2025-10-18T00:00:28Z","https://github.com/thefixer3x/micro-services/issues/2"
1,"Set up GitHub-ClickUp automation","OPEN","enhancement","","2025-09-11T04:47:58Z","2025-09-29T17:01:03Z","https://github.com/thefixer3x/micro-services/issues/1"
